"","state","S1","S2","S3"
"1",2,0,1,0
"2",2,1.19947713977373e-55,1,7.96963986538269e-33
"3",2,3.09038067857603e-58,1,4.2688154651491e-35
"4",2,5.27573438091552e-57,1,2.59473216666948e-34
"5",2,4.61327481622587e-55,1,1.88679706077911e-32
"6",2,8.86285192155374e-57,1,7.14403610509532e-34
"7",2,1.71434282866672e-59,1,4.23811708641277e-36
"8",2,5.00823297031641e-59,1,8.87964774427081e-36
"9",2,3.94621196582101e-55,1,6.84030490587202e-33
"10",2,3.13261183262393e-52,1,4.5632799728374e-30
"11",2,3.80120751686507e-48,1,1.17370087366977e-26
"12",2,2.31317564929782e-45,1,2.09678697597313e-24
"13",2,1.73227772199517e-39,1,7.79016682498948e-21
"14",2,5.21746725601067e-37,1,3.64119082463676e-19
"15",2,3.76061330669959e-40,1,3.29845367582213e-21
"16",2,2.82934923893341e-38,1,9.73321681064681e-20
"17",2,2.62613145998954e-36,1,2.81809036446952e-18
"18",2,8.39421629556218e-35,1,2.17012442810888e-17
"19",2,1.87113362416128e-35,1,8.46295984761421e-18
"20",2,6.68804272138353e-34,1,3.28400701931615e-16
"21",2,3.53515382902978e-34,1,1.55677623027175e-16
"22",2,9.35131922506947e-35,1,3.22788411274901e-17
"23",2,9.22233954615562e-34,1,3.21880274503901e-16
"24",2,3.85996829837097e-35,0.999999999999999,5.56879621671777e-16
"25",2,1.52107823843783e-33,0.999999999999998,1.97607560462714e-15
"26",2,7.41762178054462e-35,1,2.64987232827697e-16
"27",2,8.42310670227189e-38,1,2.58115361107728e-16
"28",2,6.80088472622226e-38,1,1.54535117648969e-17
"29",2,1.30825668348205e-34,0.999999999999999,6.46529416125054e-16
"30",2,2.70660945551688e-33,0.999999999999993,7.29821373410174e-15
"31",2,4.32545522836918e-33,0.999999999999967,3.33716603067224e-14
"32",2,2.88955665693536e-31,0.999999999999768,2.31863620001478e-13
"33",2,4.90066672487294e-33,0.999999999999948,5.18825133209504e-14
"34",2,2.67035163982437e-31,0.999999999999248,7.51455829434175e-13
"35",2,7.53654774103416e-30,0.999999999994145,5.85502167622515e-12
"36",2,9.36305504512751e-30,0.999999999995589,4.41061799530545e-12
"37",2,3.07454979462659e-27,0.999999999945183,5.48174673501372e-11
"38",2,7.76990284229391e-27,0.999999999766118,2.33882225417028e-10
"39",2,8.54656476805536e-28,0.999999999919231,8.07692769467073e-11
"40",2,1.79714820600972e-27,0.999999999887318,1.12682178726198e-10
"41",2,4.64001345637251e-29,0.999999999984388,1.56122952415022e-11
"42",2,7.12567118333611e-30,0.999999999957065,4.29350653176545e-11
"43",2,1.72489453140142e-29,0.999999999955562,4.44378988124739e-11
"44",2,1.4136396740984e-29,0.99999999994362,5.63800766866615e-11
"45",2,5.65868479123376e-29,0.999999999910022,8.99784241493323e-11
"46",2,4.59417471449446e-27,0.999999999464486,5.35514208846613e-10
"47",2,1.75277805153012e-26,0.99999999891144,1.08855987794707e-09
"48",2,7.07397986111181e-27,0.999999999067421,9.32579337040332e-10
"49",2,1.15481346860115e-25,0.999999996396266,3.60373424048678e-09
"50",2,4.74604144135196e-25,0.999999988161587,1.18384133927166e-08
"51",2,2.54272086678788e-25,0.999999996882937,3.11706266335143e-09
"52",2,1.83468922819309e-25,0.999999998878043,1.12195729909627e-09
"53",2,5.30893189291037e-27,0.999999999775507,2.24492841118709e-10
"54",2,8.73742115455394e-25,0.99999999513289,4.86711021310688e-09
"55",2,1.75596043983477e-26,0.999999999058502,9.414980446804e-10
"56",2,9.51741563315619e-28,0.99999999972928,2.70720054615205e-10
"57",2,9.95856141866148e-31,0.999999999976106,2.38942395452001e-11
"58",2,1.47834248750256e-25,0.999999999351143,6.48857072778465e-10
"59",2,2.01238102943421e-31,0.999999999993845,6.15491981267209e-12
"60",2,6.07224725874207e-34,0.999999999999914,8.58462815769978e-14
"61",2,3.31904352899061e-31,0.999999999999282,7.17845675263866e-13
"62",2,2.39675947460916e-34,0.999999999999987,1.29077997702769e-14
"63",2,4.95043557118518e-32,0.999999999999946,5.39300124489671e-14
"64",2,4.73174395777981e-31,0.999999999999907,9.29248588923906e-14
"65",2,3.3497424407249e-29,0.999999999999112,8.87635939050306e-13
"66",2,1.79819053302968e-31,0.999999999999907,9.26044849059763e-14
"67",2,1.14550540302812e-30,0.999999999999876,1.23670287101655e-13
"68",2,1.47265936491585e-28,0.999999999999326,6.74019362840144e-13
"69",2,3.90151337969253e-29,0.999999999999688,3.11738916215653e-13
"70",2,3.43495495368781e-29,0.999999999999401,5.9944202608247e-13
"71",2,2.65347139777579e-30,0.99999999999981,1.89873373709159e-13
"72",2,5.59097275353896e-29,0.999999999999439,5.6118496714424e-13
"73",2,6.72303549658687e-28,0.999999999992284,7.71614978140801e-12
"74",2,1.58742999623479e-24,0.999999999380518,6.19482431847368e-10
"75",2,1.93337004342448e-25,0.999999999025255,9.74745059598394e-10
"76",2,4.94953090181196e-29,0.999999999989502,1.0497632283438e-11
"77",2,3.67758688855553e-29,0.999999999994736,5.26381569269393e-12
"78",2,6.66483528020093e-34,0.999999999999968,3.24288665577471e-14
"79",2,6.04867047814791e-32,0.999999999999551,4.4928250897699e-13
"80",2,5.77608893213052e-29,0.999999999993772,6.22838365668515e-12
"81",2,1.15880885044361e-27,0.999999999947904,5.20955648735322e-11
"82",2,2.36400395385618e-26,0.999999999938541,6.14589761652231e-11
"83",2,1.81048883091651e-25,0.999999999728856,2.71143866525586e-10
"84",2,6.9177865377186e-27,0.999999999849673,1.50327191618288e-10
"85",2,2.77487975762118e-26,0.999999999637489,3.62511316760056e-10
"86",2,2.3793088049244e-24,0.99999999852549,1.47450991517698e-09
"87",2,4.17321976534088e-23,0.999999994912589,5.08741070972384e-09
"88",2,6.56004992814649e-24,0.999999998040587,1.95941245136728e-09
"89",2,1.31385492659791e-23,0.999999996183486,3.8165138788057e-09
"90",2,7.3443103514138e-23,0.999999985536699,1.44633005929023e-08
"91",2,1.17310666527061e-22,0.999999981550445,1.84495550957527e-08
"92",2,3.60665045230089e-23,0.999999983640921,1.63590788161404e-08
"93",2,8.8880731348479e-25,0.999999998351671,1.64832904131416e-09
"94",2,1.19080374484832e-25,0.999999998969073,1.03092669949227e-09
"95",2,2.52763704029137e-26,0.999999999415883,5.84117482897069e-10
"96",2,1.99412250281854e-26,0.99999999978298,2.1702015088651e-10
"97",2,2.21551232915363e-26,0.999999999856024,1.43976320776221e-10
"98",2,3.42649099762234e-27,0.999999999932241,6.77587884807519e-11
"99",2,1.14529698865198e-21,0.999999945213293,5.47867072084237e-08
"100",2,3.65492156214586e-23,0.999999990898935,9.10106469296949e-09
"101",2,5.22453403888119e-23,0.999999993316452,6.68354834157181e-09
"102",2,2.25799025451135e-22,0.999999984959726,1.50402742660648e-08
"103",2,4.79235028099231e-21,0.99999994620088,5.37991198720553e-08
"104",2,3.84075846352461e-21,0.999999889305663,1.10694336751714e-07
"105",2,1.24876442290906e-19,0.999998039005302,1.96099469829129e-06
"106",2,4.03403928338487e-17,0.999947586727542,5.2413272457552e-05
"107",2,7.20591390495803e-17,0.999828661166642,0.000171338833357529
"108",2,1.09203554281709e-15,0.999515720904396,0.000484279095603005
"109",2,1.39829735301525e-15,0.999942048077066,5.79519229321777e-05
"110",2,4.94990015240782e-16,0.999972844659123,2.71553408770693e-05
"111",2,1.76505726524383e-16,0.999961119833873,3.88801661262593e-05
"112",2,4.18805643271854e-16,0.999888929947897,0.000111070052102682
"113",2,3.62034447210549e-16,0.999909582354165,9.04176458346865e-05
"114",2,1.99358037510519e-14,0.999159441271814,0.000840558728165903
"115",2,6.15038109237952e-14,0.999163661561056,0.000836338438882498
"116",2,3.64552276439693e-13,0.996699438914228,0.00330056108540734
"117",2,6.48380796906488e-13,0.997254366185011,0.00274563381434102
"118",2,1.28001035587406e-12,0.992647907344375,0.00735209265434459
"119",2,2.30557077374565e-13,0.997006912849652,0.00299308715011735
"120",2,6.72275161396381e-14,0.999372696162638,0.000627303837294855
"121",2,3.83258975361582e-16,0.99998596525285,1.40347471493223e-05
"122",2,5.36384414841212e-18,0.999992128592485,7.87140751504245e-06
"123",2,1.85284134952545e-20,0.999999385198218,6.14801781638938e-07
"124",2,5.4597475338031e-19,0.999990309873266,9.69012673429266e-06
"125",2,2.96944276279343e-18,0.999984594918556,1.54050814442942e-05
"126",2,1.75878366696145e-16,0.999878804881736,0.0001211951182642
"127",2,8.86784295673092e-18,0.999987937096273,1.20629037265918e-05
"128",2,6.00078585717724e-17,0.999941968381592,5.80316184077636e-05
"129",2,6.12167099914057e-17,0.999883364607148,0.000116635392852432
"130",2,4.22825205493586e-16,0.999116310376377,0.000883689623622474
"131",2,2.30980664683156e-16,0.999467770727978,0.000532229272022086
"132",2,3.28254949153205e-16,0.999176147678146,0.000823852321853286
"133",3,1.23823527171285e-14,0.973041815612542,0.0269581843874452
"134",3,5.11909738704428e-14,0.611300214922756,0.388699785077193
"135",3,5.60450823470838e-15,0.0812590756221108,0.918740924377884
"136",3,1.22657228358364e-15,0.000510867424024146,0.999489132575975
"137",3,1.72475687417799e-18,9.03581466703591e-05,0.99990964185333
"138",3,1.52755255224233e-19,0.000388340729771648,0.999611659270228
"139",3,3.05124628873214e-17,8.64710244973282e-05,0.999913528975503
"140",3,2.23342734081115e-17,2.12896225111347e-05,0.999978710377489
"141",3,2.73994118258017e-19,6.0471345117311e-07,0.999999395286549
"142",3,1.36019132566928e-20,2.11502969037604e-08,0.999999978849703
"143",3,1.82851279779245e-21,1.37168673564537e-07,0.999999862831326
"144",3,1.28640026807916e-20,2.24352338792945e-06,0.999997756476612
"145",3,4.5862020091613e-20,5.46660428535189e-05,0.999945333957146
"146",3,1.92871384505143e-19,7.97644241373328e-05,0.999920235575863
"147",3,2.60669173575159e-18,5.48161790697151e-06,0.999994518382093
"148",3,3.4318243207093e-19,2.36828906134836e-07,0.999999763171094
"149",3,1.30496277916076e-20,2.14830080883972e-07,0.999999785169919
"150",3,4.14705516423616e-20,5.77010127231621e-08,0.999999942298987
"151",3,6.74534088502169e-21,1.78649590581247e-08,0.999999982135041
"152",3,1.29082181121351e-20,8.32929950951621e-09,0.9999999916707
"153",3,2.13409440872772e-20,4.15611133533242e-09,0.999999995843889
"154",3,1.7515855949424e-20,2.49765702330911e-08,0.99999997502343
"155",3,2.94722245530816e-19,2.75821664038537e-08,0.999999972417834
"156",3,1.59696910122506e-18,5.4735746845388e-09,0.999999994526425
"157",3,4.6485916261807e-19,1.26662568434138e-07,0.999999873337432
"158",3,1.20251999557794e-17,6.72453302271006e-08,0.99999993275467
"159",3,3.07421628490316e-18,3.48230654543739e-08,0.999999965176934
"160",3,1.30279412643705e-18,4.34618957245616e-08,0.999999956538104
"161",3,2.88325337456368e-19,5.17650076274576e-08,0.999999948234992
"162",3,7.68368036920367e-19,2.19377267126038e-08,0.999999978062273
"163",3,1.64704648406596e-19,2.18260088325554e-08,0.999999978173991
"164",3,2.3242495865073e-19,4.10486009118688e-09,0.99999999589514
"165",3,1.60984797225022e-20,2.41749299534215e-10,0.999999999758251
"166",3,2.20584466700048e-21,2.73988354400625e-10,0.999999999726012
"167",3,1.11936012724345e-21,1.1032909854193e-11,0.999999999988967
"168",3,1.92664322139103e-22,1.36463613763575e-11,0.999999999986354
"169",3,7.58491230486107e-23,2.56558083127905e-11,0.999999999974344
"170",3,3.92196608108018e-22,6.21536867746766e-11,0.999999999937846
"171",3,6.5050205007171e-22,7.21063007410296e-10,0.999999999278937
"172",3,7.41452218576973e-21,9.32919840578293e-09,0.999999990670802
"173",3,2.10771980617912e-19,2.67884158526552e-08,0.999999973211584
"174",3,1.43817831781296e-18,4.07469722557406e-08,0.999999959253028
"175",3,6.25631246679467e-18,1.60437104319053e-09,0.999999998395629
"176",3,4.26236741368268e-20,6.48583292323669e-09,0.999999993514167
"177",3,2.54997976396688e-20,5.35163555769139e-10,0.999999999464837
"178",3,2.00123785858704e-21,1.05669196493098e-09,0.999999998943308
"179",3,1.21626856554505e-21,3.99048722957464e-08,0.999999960095128
"180",3,2.73852005326061e-20,8.35514556046589e-09,0.999999991644855
"181",3,2.24200953373556e-21,7.72315001223212e-09,0.99999999227685
"182",3,2.07170831641374e-20,5.17937642300321e-10,0.999999999482062
"183",3,1.28485482872737e-20,2.75295413495836e-09,0.999999997247046
"184",3,7.45085117129164e-19,1.41817411548302e-09,0.999999998581826
"185",3,4.20526464761175e-18,6.979547684597e-10,0.999999999302045
"186",3,9.89129995411682e-19,2.72148612652593e-09,0.999999997278514
"187",3,2.63827971589377e-18,1.82894109813308e-10,0.999999999817106
"188",3,4.27246560383191e-19,3.46899913129326e-10,0.9999999996531
"189",3,4.57361307043045e-21,3.04998095400051e-11,0.9999999999695
"190",3,9.46192851414636e-24,1.08274361143361e-11,0.999999999989173
"191",3,3.61447276259559e-24,4.91103160973291e-12,0.999999999995089
"192",3,1.88669623636674e-24,8.62402619404969e-10,0.999999999137597
"193",3,7.37061556990238e-23,1.29418661534622e-08,0.999999987058134
"194",3,1.69704608069835e-22,8.02671942879776e-08,0.999999919732806
"195",3,2.88228226499767e-21,2.02291200002814e-08,0.99999997977088
"196",3,1.94407311957559e-22,0.00160624890560173,0.998393751094398
"197",3,1.47556250459095e-17,0.0108742082506968,0.989125791749303
"198",3,2.85207101679677e-15,1.61909205506293e-05,0.999983809079447
"199",3,2.55888290542142e-18,0.000294723149904731,0.999705276850095
"200",3,9.45728741714244e-16,9.16231665415673e-07,0.999999083768334
"201",3,7.29502563327705e-18,1.47481249803444e-06,0.999998525187502
"202",3,2.77621843446441e-18,0.00166820271133963,0.99833179728866
"203",3,9.46951082786013e-16,0.000995159534443204,0.999004840465556
"204",3,4.0224767941501e-16,0.000115236891548188,0.999884763108451
"205",3,3.66049866802914e-16,0.000337538904321688,0.999662461095678
"206",2,1.41653491456944e-18,0.955275158868597,0.0447248411314027
"207",2,2.67432007746866e-11,0.972011403598349,0.0279885963749073
"208",2,6.21336468748797e-16,0.999995212596919,4.78740308057462e-06
"209",2,2.44943780430748e-21,0.99999999997977,2.02303005269660e-11
"210",2,8.34529203647575e-20,0.999999999999869,1.31195738747498e-13
"211",2,9.3861945836911e-16,0.999999999925631,7.43681734543335e-11
"212",2,4.89819162904034e-14,0.999999999559873,4.40077860667536e-10
"213",2,6.80708577402801e-16,0.999999999999293,7.05924016663445e-13
"214",2,9.82829298326251e-15,0.999999999999285,7.05517931754912e-13
"215",2,2.16587911799597e-12,0.999999999958105,3.97295463492471e-11
"216",2,4.22679866521671e-07,0.999999513981539,6.33385941603963e-08
"217",2,3.0884468897351e-08,0.999999963892185,5.22334642752036e-09
"218",2,8.1536183270427e-11,0.999999999917129,1.3344753387417e-12
"219",2,1.04818645795883e-16,1,2.07493531875923e-18
"220",2,2.66670940310476e-16,0.999999999999999,3.41047313169554e-16
"221",2,4.15055669946282e-18,1,1.8239510401526e-18
"222",2,3.68517577441362e-16,1,1.91360725705877e-17
"223",2,1.58207526006327e-16,1,3.16709041727797e-18
"224",2,3.96988143664018e-23,1,1.55999538912521e-22
"225",2,5.94993651232265e-27,1,1.72585499717288e-25
"226",2,6.69830342752895e-25,1,1.05332243614013e-23
"227",2,4.10368673412142e-27,1,5.01466306337671e-26
"228",2,4.13938720266243e-21,1,5.52481741592399e-23
"229",2,3.63972984077915e-21,1,1.61318414421596e-23
"230",2,1.11927462353941e-14,0.999999999999989,2.54680851617496e-18
"231",2,1.25345659547254e-14,0.999999999999987,6.61022318294285e-18
"232",2,1.32326831969487e-13,0.999999999999868,9.3611182063203e-19
"233",2,4.76601445607033e-11,0.999999999952337,2.7901276035469e-15
"234",2,2.40295307070886e-18,1,4.31701099721532e-22
"235",2,1.34441937861801e-16,1,1.14180213297099e-20
"236",2,3.05911966030456e-23,1,1.13433493185163e-25
"237",2,1.29374175428311e-20,1,4.68242718210296e-25
"238",2,6.8937298796517e-21,1,7.89779170259873e-26
"239",2,1.29653560204634e-19,1,2.00645017378262e-25
"240",2,4.05975295052547e-18,1,6.55467247823527e-23
"241",2,1.00166537129242e-22,1,1.29402476751841e-25
"242",2,9.38655727448588e-29,1,2.62075252147474e-28
"243",2,8.17194504934742e-27,1,1.10541012266376e-26
"244",2,1.28278270088317e-30,1,1.71347080655593e-26
"245",2,8.27359435979273e-36,1,1.75260313755339e-29
"246",2,6.73485484498242e-44,1,6.87361063608039e-34
"247",2,1.31866907095476e-50,1,8.69502556250663e-37
"248",2,4.25738842615137e-36,1,9.14560885889756e-30
"249",2,1.72920649655045e-34,1,8.70353244901664e-30
"250",2,1.29188372904822e-34,1,1.24989013332071e-28
"251",2,4.61029457742957e-33,1,1.15352219514599e-27
"252",2,2.87193952529222e-30,1,3.15434927159425e-24
"253",2,4.54037383130517e-36,1,4.7793969244302e-26
"254",2,2.51388928411608e-27,1,6.94175299609902e-22
"255",2,9.19671651798802e-25,1,7.37543707743759e-19
"256",2,3.36083583236194e-22,1,2.36774194338351e-18
"257",2,3.44044336558398e-21,1,4.50016969086535e-18
"258",2,2.72285261346936e-20,1,2.07442096679414e-16
"259",2,6.90505264010996e-21,1,5.34426752950898e-17
"260",2,3.13419476138576e-22,1,6.24952680452179e-18
"261",2,1.21868675596479e-18,1,1.17755127900104e-16
"262",2,1.713231859895e-18,0.999999999999999,1.26289686643178e-15
"263",2,4.37698053115216e-17,0.999999999999981,1.89156120431078e-14
"264",2,6.00962962316033e-15,0.99999999999991,8.40048038217304e-14
"265",2,2.20369690100102e-18,1,3.52621197885171e-17
"266",2,2.30151298019948e-16,0.999999999999995,5.04581492819407e-15
"267",2,7.94690348265532e-16,0.999999999999986,1.36488005385606e-14
"268",2,1.22488795024463e-13,0.999999999999136,7.41490594724566e-13
"269",2,1.77819149863566e-14,0.999999999999932,5.03154700685224e-14
"270",2,5.59623137651187e-17,0.999999999999998,2.22749613672203e-15
"271",2,8.13260826559216e-13,0.999999999998386,8.01003689194684e-13
"272",2,4.90104491062738e-10,0.999999985583902,1.39259935442484e-08
"273",2,2.50481765915698e-12,0.999999999593503,4.03991953225125e-10
"274",2,7.64190767406227e-10,0.999999992173745,7.06206376084753e-09
"275",2,1.80654400968434e-08,0.999999502718694,4.7921586558148e-07
"276",2,2.6665706735624e-09,0.999999932463169,6.48702607544205e-08
"277",2,3.27580027024728e-11,0.999999999436934,5.30307612507232e-10
"278",2,1.06734262048934e-11,0.999999999951123,3.8203873535279e-11
"279",2,7.72585986456713e-12,0.999999999828482,1.63792463217084e-10
"280",2,7.06417366976522e-10,0.999999995902255,3.39132755784637e-09
"281",2,5.73947900879871e-10,0.999999971504579,2.79214735715369e-08
"282",2,4.19434933356978e-10,0.999999997366328,2.21423721501309e-09
"283",2,3.18273661177014e-09,0.999999993717514,3.09974973628061e-09
"284",2,8.93413738172239e-09,0.999999978650583,1.2415279825483e-08
"285",2,7.13115455249158e-09,0.999999986087755,6.7810904412937e-09
"286",2,1.31729237536317e-08,0.999999983584944,3.24213198131411e-09
"287",2,1.88290089431041e-07,0.999999774555388,3.71545222132091e-08
"288",2,2.48671020854587e-07,0.999998811727535,9.39601444555286e-07
"289",2,3.36096820554937e-07,0.999995739212338,3.92469084158389e-06
"290",2,1.74937684372709e-07,0.999991674164087,8.15089822834516e-06
"291",2,2.65153954849471e-07,0.999998596114716,1.13873132965251e-06
"292",2,1.58281310659734e-05,0.999970943277257,1.3228591677359e-05
"293",2,1.4765078151967e-05,0.999942480005717,4.27549161306451e-05
"294",2,4.79374470714593e-05,0.999945665432031,6.39712089777073e-06
"295",2,1.56122572203053e-05,0.99998437126195,1.64808293195035e-08
"296",2,7.33950762385656e-08,0.999999922658944,3.94597943169396e-09
"297",2,3.71410714629468e-08,0.999999956890164,5.96876443936272e-09
"298",2,6.10624299259404e-05,0.999929738358705,9.19921136921273e-06
"299",2,0.000520944501007127,0.999455217623873,2.38378751199523e-05
"300",2,0.0031949216762866,0.99644377514792,0.000361303175793324
"301",2,0.00146419414197158,0.997722458520579,0.000813347337449077
"302",1,0.0249451485732143,0.973947247500962,0.00110760392582413
"303",1,0.174657223206274,0.810601845907831,0.0147409308858944
"304",1,0.71786912387249,0.227396348839748,0.054734527287762
"305",1,0.972933697399969,0.000663244212803174,0.0264030583872275
"306",1,0.995808928577838,1.03146640382488e-08,0.00419106110749808
"307",1,0.999733771468968,2.74175261127999e-07,0.000265954355770857
"308",1,0.999885908940138,2.24016650551583e-08,0.000114068658197092
"309",1,0.999835828853231,3.5890095077842e-09,0.000164167557759607
"310",1,0.999905857538093,2.70956880612644e-08,9.41153662185512e-05
"311",1,0.999966369181075,4.76990705868478e-09,3.36260490182389e-05
"312",1,0.999954628818796,3.43964194706636e-10,4.53708372394199e-05
"313",1,0.999842917550001,3.45467100828376e-11,0.000157082415452023
"314",1,0.999843810650368,2.54933483074597e-11,0.000156189324138419
"315",1,0.999936431352579,6.35259046551835e-12,6.35686410685016e-05
"316",1,0.999972271055992,8.14193525148832e-13,2.77289431934414e-05
"317",1,0.999983505741854,1.05978658821748e-13,1.64942580404287e-05
"318",1,0.999998122540704,5.73956356871734e-14,1.8774592388836e-06
"319",1,0.999999811351686,1.55418572151516e-14,1.88648298149945e-07
"320",1,0.99999984434853,5.30933440802298e-16,1.55651470036952e-07
"321",1,0.99999987871033,5.4068468083085e-16,1.21289669475025e-07
"322",1,0.99999997742365,3.0321230619981e-17,2.25763504183177e-08
"323",1,0.999999981820231,3.84675834881135e-18,1.817976940236e-08
"324",1,0.999999889203978,3.41024932162739e-18,1.10796022127377e-07
"325",1,0.999999968277732,1.98988011413248e-18,3.17222679709563e-08
"326",1,0.999999945727947,6.13785461550084e-20,5.42720529771719e-08
"327",1,0.999999961128828,2.00806207317879e-20,3.88711723430844e-08
"328",1,0.999999954057927,2.89375524744403e-22,4.59420732460156e-08
"329",1,0.999999987954418,2.60258018663797e-22,1.20455818253085e-08
"330",1,0.999999997809977,4.70447930152815e-24,2.19002325442912e-09
"331",1,0.999999943150035,2.12833426346139e-25,5.68499645524847e-08
"332",1,0.999999789743852,2.95921727680831e-24,2.10256148618018e-07
"333",1,0.999999460517488,1.95892079504069e-21,5.39482512213066e-07
"334",1,0.999999204060814,5.63818237895573e-20,7.95939186046752e-07
"335",1,0.999998461730439,4.82703696995446e-19,1.53826956060844e-06
"336",1,0.999992128079224,1.39763576369568e-20,7.87192077585644e-06
"337",1,0.999997364960325,9.58717729241348e-20,2.6350396746499e-06
"338",1,0.999999673582789,3.15676535251316e-18,3.26417210901973e-07
"339",1,0.999999591479763,6.34908150639508e-19,4.0852023710561e-07
"340",1,0.999999855952055,1.93412350879781e-18,1.44047945362914e-07
"341",1,0.999999884717865,2.09055676879006e-19,1.15282134614935e-07
"342",1,0.99999994537015,1.46764636213714e-15,5.46298488105083e-08
"343",1,0.999999447039131,1.6917182600665e-16,5.52960869178787e-07
"344",1,0.99999973263815,1.43146500541959e-17,2.67361850375468e-07
"345",1,0.999999931179374,4.35793974871892e-20,6.88206258053324e-08
"346",1,0.999999965526247,2.03405663355735e-19,3.44737532009003e-08
"347",1,0.999999975423098,2.82765878693917e-18,2.45769023148211e-08
"348",1,0.999999972812891,2.42066878379979e-19,2.71871084899347e-08
"349",1,0.999999980764984,3.0636649282593e-19,1.92350160109842e-08
"350",1,0.999999994958956,2.67119997641634e-17,5.04104392167058e-09
"351",1,0.999999996512098,1.44937059256394e-17,3.48790159778671e-09
"352",1,0.999999995419725,7.25367120934065e-17,4.58027492689899e-09
"353",1,0.999999990190181,2.37798203720819e-15,9.80981663491105e-09
"354",1,0.999999992922979,8.43359925633532e-16,7.07702011807914e-09
"355",1,0.999999969525201,2.96820823276147e-13,3.04745022926268e-08
"356",1,0.999999371240924,6.47669075850874e-09,6.22282385102161e-07
"357",1,0.999999398751789,2.61915745901642e-11,6.01222019052987e-07
"358",1,0.999999901153629,9.73737131675314e-13,9.88453968151537e-08
"359",1,0.9999999566117,4.11984272112127e-15,4.33882959025281e-08
"360",1,0.999999987858043,1.0775867000878e-18,1.21419566815017e-08
"361",1,0.999999965120266,3.64691535986561e-20,3.48797341173069e-08
"362",1,0.999999936302794,1.03199599396452e-19,6.36972061110567e-08
"363",1,0.999999859871508,5.01325463447358e-19,1.40128492048508e-07
"364",1,0.999999819793876,2.50647044620953e-19,1.8020612356499e-07
"365",1,0.999999945350497,1.77090686979662e-19,5.46495034842348e-08
"366",1,0.999999980845505,1.56072850655337e-20,1.91544948101546e-08
"367",1,0.999999734250895,3.54222856090146e-22,2.65749105550566e-07
"368",1,0.999999804716379,2.48190442882915e-21,1.95283621346317e-07
"369",1,0.999998501764831,3.01845783692922e-22,1.49823516910217e-06
"370",1,0.999999345101512,1.7233638069001e-21,6.54898487896189e-07
"371",1,0.999999722356506,5.91381373805069e-22,2.7764349379888e-07
"372",1,0.999999938624022,1.99161258021032e-20,6.1375978161073e-08
"373",1,0.999999867333995,3.41221155339539e-21,1.32666004575949e-07
"374",1,0.999999795370481,3.27702578668729e-21,2.04629519043451e-07
"375",1,0.999999719568168,3.53684125976319e-21,2.80431831581663e-07
"376",1,0.999997829860433,7.19605722751017e-22,2.17013956732909e-06
"377",1,0.999999237423082,2.43061032254705e-22,7.62576917613035e-07
"378",1,0.999999099517985,6.51691874940462e-24,9.00482014805821e-07
"379",1,0.999999557402439,7.59950415316055e-24,4.42597560722903e-07
"380",1,0.999999940952339,8.78260033952084e-24,5.90476606769426e-08
"381",1,0.999999867551674,1.13871786299015e-24,1.32448325652827e-07
"382",1,0.999999600395181,4.91826559444448e-25,3.99604818632497e-07
"383",1,0.999999771549116,8.40420930061054e-25,2.28450883967945e-07
"384",1,0.999997641179459,4.35141610872398e-25,2.35882054057028e-06
"385",1,0.999998323504856,1.83161937837563e-24,1.67649514414576e-06
"386",1,0.999997250223501,7.79383437953897e-24,2.74977649860792e-06
"387",1,0.999999875533197,2.2890224901847e-23,1.24466802997655e-07
"388",1,0.999999434482584,1.44941394008637e-24,5.65517416058575e-07
"389",1,0.999999633641456,4.5561426812496e-23,3.66358543801258e-07
"390",1,0.99999834960627,2.98273691889344e-24,1.65039372979349e-06
"391",1,0.999972836224445,7.33186294553063e-24,2.71637755552118e-05
"392",1,0.99995433160464,7.0876412078448e-23,4.56683953601881e-05
"393",1,0.999996846046364,9.22237041067433e-23,3.15395363556072e-06
"394",1,0.999981495384335,1.19182681958109e-26,1.85046156651769e-05
"395",1,0.999995663545837,9.0622780195044e-26,4.33645416245909e-06
"396",1,0.99999326472411,2.00824763008392e-25,6.73527589005394e-06
"397",1,0.999998288242594,7.15491265577978e-24,1.71175740637309e-06
"398",1,0.999999869345833,2.38318261771968e-24,1.30654167341189e-07
"399",1,0.999999988295533,3.88322875197956e-25,1.1704467155334e-08
"400",1,0.999999999318848,4.95518607884855e-22,6.81152209212366e-10
"401",1,0.999999999813768,9.8280016363229e-26,1.86231918381301e-10
"402",1,0.999999999943979,3.13406596969069e-27,5.60210601962403e-11
"403",1,0.999999999881836,1.08599501183182e-30,1.18164378345902e-10
"404",1,0.999999999995774,1.07615228224553e-29,4.22568122763906e-12
"405",1,0.999999999997121,5.10012958100351e-29,2.87864112852626e-12
"406",1,0.999999999973687,3.20458738593192e-32,2.63133176492041e-11
"407",1,0.999999999995467,1.77650121591026e-26,4.53331019642324e-12
"408",1,0.999999999999996,4.12088654445034e-27,4.25189250775068e-15
"409",1,0.999999999999431,4.71491554401904e-33,5.68764929653484e-13
"410",1,0.999999999999638,3.57715189218149e-33,3.6165925976839e-13
"411",1,0.999999999999952,9.20327003527625e-32,4.79926398185059e-14
"412",1,0.999999999999988,4.75195051452232e-34,1.15965983945238e-14
"413",1,0.999999999999985,4.65570326061899e-34,1.53166084486008e-14
"414",1,0.999999999999994,2.23317932483693e-28,6.29438210153072e-15
"415",1,0.999999999999994,2.75400198693272e-31,6.47786809922072e-15
"416",1,0.999999999999997,7.52567174166697e-31,2.95373451779545e-15
"417",1,0.999999999999998,5.46252317168939e-32,2.23922115559356e-15
"418",1,0.999999999999993,9.2900326030146e-35,6.47032482943469e-15
"419",1,0.999999999999979,1.14443208866771e-33,2.10491482901726e-14
"420",1,0.999999999999969,8.24539898769847e-32,3.10950620736943e-14
"421",1,0.999999999999268,1.39949675206317e-33,7.31599676750205e-13
"422",1,0.999999999997264,1.15640798581296e-34,2.73591650481245e-12
"423",1,0.999999999998913,1.0794525625222e-33,1.08736280060199e-12
"424",1,0.999999999989746,3.54250977934861e-33,1.02543451954546e-11
"425",1,0.999999999839539,1.12412316750745e-30,1.60461282609684e-10
"426",1,0.999999999018013,9.48620876423339e-31,9.81986563947947e-10
"427",1,0.999999999345321,6.82757258218198e-31,6.54679404092722e-10
"428",1,0.999999998799978,1.91938252684891e-30,1.20002237754783e-09
"429",1,0.999999998717766,2.35104766580732e-29,1.28223346605064e-09
"430",1,0.999999999125203,3.52794809603283e-30,8.74797259367292e-10
"431",1,0.999999998974112,4.9398381743361e-31,1.02588788207584e-09
"432",1,0.999999998440406,8.26117828272137e-32,1.55959424512293e-09
"433",1,0.999999999369933,3.07326160579712e-30,6.30066667996879e-10
"434",1,0.999999999613943,5.78810981450074e-31,3.86057168388179e-10
"435",1,0.99999999997838,1.40157123917043e-29,2.16205117620751e-11
"436",1,0.999999999826354,1.15543060663819e-32,1.73646109498892e-10
"437",1,0.999999999929951,4.45868165435236e-31,7.0048572062759e-11
"438",1,0.999999999945902,3.68214385628191e-30,5.40980540254049e-11
"439",1,0.999999999952326,3.3556729411416e-31,4.76739923753298e-11
"440",1,0.999999999991223,4.03288440663602e-29,8.77732745293504e-12
"441",1,0.999999999996717,3.28276531562559e-27,3.28254533237038e-12
"442",1,0.999999999994939,1.23262081138646e-29,5.06115418101208e-12
"443",1,0.999999999996221,1.95355101445843e-31,3.77859873183058e-12
"444",1,0.999999999997537,3.15419503957222e-31,2.46335056477719e-12
"445",1,0.999999999999737,3.26560821085267e-29,2.63542444468648e-13
"446",1,0.999999999999576,2.77762395927738e-32,4.24420805723364e-13
"447",1,0.99999999999833,1.30282737998716e-32,1.66990017860429e-12
"448",1,0.999999999938129,5.20470790079963e-33,6.18713395545972e-11
"449",1,0.999999999966292,1.90292833229555e-31,3.37078601361239e-11
"450",1,0.999999999752066,1.59984208250185e-33,2.47933807350081e-10
"451",1,0.999999999848249,1.16347596180993e-32,1.51750774909621e-10
"452",1,0.999999999696811,6.14205361032515e-33,3.03188732170545e-10
"453",1,0.999999999896943,1.17198702566715e-31,1.03056925730998e-10
"454",1,0.999999999942291,3.80874081170865e-33,5.77088123249787e-11
"455",1,0.999999998088181,6.51816802030653e-31,1.91181909786843e-09
"456",1,0.999999994204929,2.12448075551102e-30,5.79507122836924e-09
"457",1,0.99999999557755,1.4401808305742e-30,4.42245013729193e-09
"458",1,0.999999980826249,8.80693303652793e-31,1.91737509204306e-08
"459",1,0.999999757440919,8.20463724927086e-32,2.42559080646273e-07
"460",1,0.999999952479669,4.91058116643902e-29,4.75203307094642e-08
"461",1,0.999987507674863,4.47904397818757e-31,1.24923251372023e-05
"462",1,0.999993150744319,8.34868054079094e-29,6.84925568103345e-06
"463",1,0.999094272225069,8.70207517957143e-30,0.000905727774931034
"464",3,0.81969539488042,1.88373345989433e-27,0.18030460511958
"465",3,0.218421911523425,5.6896945733157e-26,0.781578088476575
"466",3,0.0249854931360157,6.04527331259654e-26,0.975014506863984
"467",3,0.00022616039418201,4.3566828709998e-27,0.999773839605818
"468",3,5.13343426501257e-07,2.56656231882781e-28,0.999999486656573
"469",3,3.06514014275765e-09,8.41594317165534e-28,0.99999999693486
"470",3,1.01286926886928e-11,2.01843777618719e-28,0.999999999989871
"471",3,8.05677211692202e-14,1.11064706785091e-28,0.999999999999919
"472",3,4.32296551714417e-16,4.21170891309222e-29,1
"473",3,9.32598728274012e-20,1.93567956383657e-31,1
"474",3,1.48483639994803e-21,1.50188021686269e-31,1
"475",3,9.34585503850125e-22,3.67154814264628e-31,1
"476",3,7.7719774375812e-21,1.367820332183e-29,1
"477",3,3.20913553244969e-21,5.04158487180264e-29,1
"478",3,2.54211603642728e-21,5.51877119018972e-29,1
"479",3,1.96403936302234e-22,1.53769718869374e-31,1
"480",3,9.14739176649983e-22,5.24046817209814e-32,1
"481",3,6.22538630749392e-22,3.51908665863207e-33,1
"482",3,1.18257452922363e-21,4.95931035526898e-32,1
"483",3,1.73780975892309e-20,3.03655178359782e-29,1
"484",3,9.57180831877434e-20,8.747834903449e-28,1
"485",3,5.03403887708821e-20,2.35921339428175e-29,1
